Time (s),Joy KeyPoint,Fear KeyPoint,Relaxation KeyPoint,Boredom KeyPoint,Presence KeyPoint, Annotation
94,6.233434,7.186944,6.793266,7.463869,3.669273,hhhhhhhhhhhhh
429,7.505785,5.76491,7.017799,6.490896,2.995674,gggggggggggg
705,3.164825,2.097547,1.554179,5.592767,3.968649,fffffffffffffff
1118,7.356094,7.261791,6.493889,4.844326,2.247235,iiiiiiiiiiiiiii
1368,1.293724,6.663038,5.96998,7.463869,6.887568,dddddddddddd
1713,6.607655,5.166153,6.718422,6.416052,4.492555,jjjjjjjjjjjjjj
