Time (s),Joy KeyPoint,Fear KeyPoint,Relaxation KeyPoint,Boredom KeyPoint,Presence KeyPoint, Annotation
345,4.886241,0,0,0,0,
461,3.763579,0,0,0,0,
560,3.988109,0,0,0,0,
682,3.4642,0,0,0,0,
857,3.613891,0,0,0,0,
1008,2.940297,0,0,0,0,
1182,4.811399,0,0,0,0,
