Time (s),Joy KeyPoint,Fear KeyPoint,Relaxation KeyPoint,Boredom KeyPoint,Presence KeyPoint, Annotation
193,6.390137,5.975405,3.006622,5.817299,5.519324,road !!!!!!!!
450,9.005001,1.809866,7.628243,6.090947,1.931486,road !!!!!!!!
773,0.9475707,7.830135,7.597838,6.030136,2.843648,road !!!!!!!!
1038,6.907028,3.907838,3.037027,6.060542,4.576756,road !!!!!!!!
1371,0.5218932,4.789596,2.520136,3.780137,6.492297,road !!!!!!!!
1609,6.876624,3.269325,6.229595,6.547028,3.968649,road !!!!!!!!
