Time (s),Joy KeyPoint,Fear KeyPoint,Relaxation KeyPoint,Boredom KeyPoint,Presence KeyPoint, Annotation
229,3.4642,0,0,0,0,
492,4.362333,2.621457,0,0,0,
747,3.688734,0,0,0,0,
1064,4.736551,5.315844,8.364994,2.299628,8.159919,scary bear
1323,4.961078,0,0,0,0,
1607,5.335302,0,0,0,0,
